"First Name","Last Name","Email"
"Kristian","Douglas","k.douglas@randatmail.com"
"Chloe","Sullivan","c.sullivan@randatmail.com"
"Maria","Bennett","m.bennett@randatmail.com"
"Amelia","Mitchell","a.mitchell@randatmail.com"
"James","Mason","j.mason@randatmail.com"
"Charlotte","Wells","c.wells@randatmail.com"
"Edward","Phillips","e.phillips@randatmail.com"
"Arianna","Russell","a.russell@randatmail.com"
"Sam","Mason","s.mason@randatmail.com"
"Jared","Adams","j.adams@randatmail.com"
"Ashton","Fowler","a.fowler@randatmail.com"
"Wilson","Richardson","w.richardson@randatmail.com"
"Albert","Lloyd","a.lloyd@randatmail.com"
"Adrianna","Cole","a.cole@randatmail.com"
"Naomi","Brooks","n.brooks@randatmail.com"
"Adrian","Hunt","a.hunt@randatmail.com"
"Kellan","Morrison","k.morrison@randatmail.com"
"Darcy","Morgan","d.morgan@randatmail.com"
"Steven","Carter","s.carter@randatmail.com"
"Daryl","Williams","d.williams@randatmail.com"
"Ryan","Evans","r.evans@randatmail.com"
"Rafael","Carroll","r.carroll@randatmail.com"
"Kristian","Mason","k.mason@randatmail.com"
"Jared","Sullivan","j.sullivan@randatmail.com"
"Dexter","Cameron","d.cameron@randatmail.com"
"Brooke","Hawkins","b.hawkins@randatmail.com"
"Elian","Hall","e.hall@randatmail.com"
"Albert","Barrett","a.barrett@randatmail.com"
"Audrey","Campbell","a.campbell@randatmail.com"
"Haris","Richards","h.richards@randatmail.com"
"Lucy","Clark","l.clark@randatmail.com"
"Adam","Robinson","a.robinson@randatmail.com"
"Ted","Phillips","t.phillips@randatmail.com"
"Ryan","Edwards","r.edwards@randatmail.com"
"Preston","Rogers","p.rogers@randatmail.com"
"Kimberly","Perkins","k.perkins@randatmail.com"
"Michael","Montgomery","m.montgomery@randatmail.com"
"Ellia","Armstrong","e.armstrong@randatmail.com"
"David","Howard","d.howard@randatmail.com"
"Ada","Stevens","a.stevens@randatmail.com"
"Reid","Taylor","r.taylor@randatmail.com"
"Maximilian","Ryan","m.ryan@randatmail.com"
"Deanna","Sullivan","d.sullivan@randatmail.com"
"Nicholas","Montgomery","n.montgomery@randatmail.com"
"Harold","Ellis","h.ellis@randatmail.com"
"Derek","Kelly","d.kelly@randatmail.com"
"Rubie","Cunningham","r.cunningham@randatmail.com"
"Cherry","Henderson","c.henderson@randatmail.com"
"Jasmine","Williams","j.williams@randatmail.com"
"Alan","Allen","a.allen@randatmail.com"
